kernel32.dll,409
user32.dll,324
gdi32.dll,160
msimg32.dll,19
comdlg32.dll,59
winspool.drv,46
advapi32.dll,288
shell32.dll,176
comctl32.dll,129
shlwapi.dll,117
ole32.dll,203
oleaut32.dll,169
oledlg.dll,34
urlmon.dll,25
gdiplus.dll,22
oleacc.dll,12
wininet.dll,53
imm32.dll,16
winmm.dll,33
msvcrt.dll,95
ntdll.dll,17
ws2_32.dll,29
mswsock.dll,2
rpcrt4.dll,22
version.dll,82
psapi.dll,17
mp30.dll,1
iphlpapi.dll,13
secur32.dll,8
vdmdbg.dll,1
bdmskin.dll,1
bdlogicutils.dll,1
msvcp80.dll,14
msvcr80.dll,21
netapi32.dll,15
wtsapi32.dll,9
userenv.dll,10
imagehlp.dll,4
msvcr100.dll,4
hge.dll,2
gameframe_hge.dll,2
guichan.dll,2
guichan_hge.dll,2
mfc71.dll,2
msvcr71.dll,11
msvcp71.dll,5
crashrpt.dll,1
magic.dll,1
fmodex.dll,2
freetype.dll,2
wintrust.dll,5
dciman32.dll,1
rasapi32.dll,3
crypt32.dll,8
mprapi.dll,1
activeds.dll,1
adsldpc.dll,1
mobsync.dll,1
setupapi.dll,17
wsock32.dll,12
mpr.dll,11
rasdlg.dll,1
tapi32.dll,2
crt.dll,1
msvcp100.dll,1
msvbvm60.dll,4
mfc42.dll,4
bmaframe.dll,1
channel.dll,1
olepro32.dll,8
kso10.dll,1
mfc71lu.dll,1
mslur71.dll,1
apphelp.dll,1
mscoree.dll,13
msi.dll,2
winhttp.dll,5
msvcp60.dll,6
atl.dll,3
mqrt.dll,1
qqmusiccommon_new.dll,1
wldap32.dll,2
avifil32.dll,2
ulib.dll,4
ifsutil.dll,3
query.dll,1
jli.dll,2
newdev.dll,2
webengine.dll,1
hid.dll,1
riched20.dll,1
sqlunirl.dll,1
fastkdcore.dll,1
qqmusiccommon.dll,1
exceptcatch.dll,1
atl80.dll,3
nssutil3.dll,1
plc4.dll,1
nspr4.dll,1
mozcrt19.dll,1
dbghelp.dll,8
tinyxml.dll,1
mfc42u.dll,2
lz32.dll,2
hhsetup.dll,1
dsound.dll,1
ter32.dll,1
pdh.dll,1
bdnetdll.dll,1
imezlib.dll,1
imepng.dll,1
msvcp110.dll,1
msvcr110.dll,1
imefreetype.dll,1
esent.dll,1
framedyn.dll,2
mscms.dll,1
pift.dll,1
pifd.dll,1
thumbnailview.dll,1
epplibrary.dll,1
mfc80.dll,3
powrprof.dll,2
vssapi.dll,1
msdtctm.dll,1
artpclnt.dll,1
patchw32.dll,1
d3d9.dll,2
msvcp90.dll,2
kwlib.dll,1
kwmodconfig.dll,1
kwlog.dll,1
msvcr90.dll,3
wmmutil.dll,1
nnotes.dll,1
skincontrolsd.dll,1
mfc71d.dll,1
msvcr71d.dll,1
msvcp71d.dll,1
sensapi.dll,1
comres.dll,1
cwbcore.dll,1
cwbdbfmt.dll,1
roxbaseclass.dll,1
fs2you.dll,1
winsta.dll,1
icudt34.dll,1
qqplayer.dll,2
objectfactory.dll,1
mqutil.dll,1
xprt5.dll,1
ntlsapi.dll,1
mf.dll,1
mfplat.dll,1
propsys.dll,1
d3d11.dll,1
loadperf.dll,1
pncrt.dll,1
skinlib.dll,1
kankanliteliveud.dll,1
cmutil.dll,1
yyglcommon.dll,1
snmpapi.dll,1
odbc32.dll,1
windowscodecs.dll,1
shdocvw.dll,2
libtdmaster.dll,1
exchange20.dll,1
libminimedia10.dll,1
libnet30.dll,1
librtp20.dll,1
libjpeg20.dll,1
libimg20.dll,1
msacm32.dll,1
libtdajust.dll,1
libtdfigo.dll,1
libtddesk.dll,1
libtdfile.dll,1
libelcmanager.dll,1
libmultichat.dll,1
libmulticall.dll,1
libskinui.dll,1
libapppolicy.dll,1
libwebpolicy.dll,1
libfilecast.dll,1
slc.dll,1
slcommdlg.dll,1
winbrand.dll,1
slcext.dll,1
slwga.dll,1
feedback.dll,1
dtlui.dll,1
zlib1.dll,1
lua51.dll,1
mqqm.dll,1
d3d8.dll,1
ddraw.dll,1
mingwm10.dll,1
minizip.dll,1
atl71.dll,1
samlib.dll,1
