kernel32.dll,1610

user32.dll,1107

gdi32.dll,486

msimg32.dll,52

comdlg32.dll,118

winspool.drv,132

advapi32.dll,1124

shell32.dll,523

comctl32.dll,239

shlwapi.dll,438

ole32.dll,817

oleaut32.dll,702

oledlg.dll,46

urlmon.dll,74

gdiplus.dll,60

oleacc.dll,39

wininet.dll,113

imm32.dll,40

winmm.dll,100

msvcrt.dll,698

ntdll.dll,369

version.dll,232

ws2_32.dll,156

mswsock.dll,7

rpcrt4.dll,220

psapi.dll,72

mp30.dll,1

iphlpapi.dll,64

secur32.dll,56

vdmdbg.dll,2

bdmskin.dll,1

bdlogicutils.dll,1

msvcp80.dll,45

msvcr80.dll,97

netapi32.dll,56

wtsapi32.dll,56

userenv.dll,85

imagehlp.dll,11

msvcr100.dll,77

hge.dll,2

gameframe_hge.dll,2

guichan.dll,2

guichan_hge.dll,2

mfc71.dll,3

msvcr71.dll,26

msvcp71.dll,18

crashrpt.dll,1

magic.dll,1

fmodex.dll,2

freetype.dll,2

wintrust.dll,32

dciman32.dll,1

rasapi32.dll,7

crypt32.dll,89

mprapi.dll,2

activeds.dll,8

adsldpc.dll,2

mobsync.dll,1

setupapi.dll,121

credui.dll,4

cryptui.dll,7

winhttp.dll,19

wsock32.dll,37

mpr.dll,32

rasdlg.dll,3

tapi32.dll,3

crt.dll,1

msvcp100.dll,28

msvbvm60.dll,7

mfc42.dll,15

dbghelp.dll,22

bmaframe.dll,1

channel.dll,1

olepro32.dll,11

kso10.dll,1

mfc71lu.dll,1

mslur71.dll,1

apphelp.dll,4

mscoree.dll,505

msi.dll,19

msvcp60.dll,15

atl.dll,35

mqrt.dll,2

qqmusiccommon_new.dll,1

wldap32.dll,13

avifil32.dll,2

i18n.dll,1

mfc42u.dll,13

clusapi.dll,5

dmutil.dll,1

osuninst.dll,2

ulib.dll,5

ifsutil.dll,4

query.dll,5

jli.dll,3

newdev.dll,7

wevtapi.dll,5

webengine.dll,1

hid.dll,1

riched20.dll,1

sqlunirl.dll,1

fastkdcore.dll,1

qqmusiccommon.dll,1

exceptcatch.dll,1

atl80.dll,6

msdtctm.dll,2

nssutil3.dll,1

plc4.dll,1

nspr4.dll,1

mozcrt19.dll,1

tinyxml.dll,1

lz32.dll,7

hhsetup.dll,1

dsound.dll,3

d3d9.dll,13

ter32.dll,1

pdh.dll,6

bdnetdll.dll,1

imezlib.dll,1

imepng.dll,1

msvcp110.dll,15

msvcr110.dll,20

imefreetype.dll,1

esent.dll,4

framedyn.dll,5

mscms.dll,6

pift.dll,1

pifd.dll,1

thumbnailview.dll,1

epplibrary.dll,1

mfc80.dll,14

powrprof.dll,20

api-ms-win-core-heap-l1-2-0.dll,60

api-ms-win-core-synch-l1-2-0.dll,107

api-ms-win-core-libraryloader-l1-2-0.dll,91

api-ms-win-core-string-l1-1-0.dll,66

api-ms-win-core-errorhandling-l1-1-1.dll,104

api-ms-win-core-localization-l1-2-1.dll,45

api-ms-win-core-realtime-l1-1-0.dll,1

api-ms-win-core-registry-l1-1-0.dll,69

api-ms-win-core-threadpool-l1-2-0.dll,30

bcrypt.dll,18

api-ms-win-service-core-l1-1-1.dll,15

api-ms-win-core-handle-l1-1-0.dll,100

api-ms-win-core-processthreads-l1-1-2.dll,98

api-ms-win-core-io-l1-1-1.dll,18

api-ms-win-core-sysinfo-l1-2-1.dll,98

api-ms-win-core-profile-l1-1-0.dll,133

api-ms-win-core-debug-l1-1-1.dll,46

api-ms-win-core-threadpool-legacy-l1-1-0.dll,25

api-ms-win-core-heap-obsolete-l1-1-0.dll,29

api-ms-win-core-string-obsolete-l1-1-0.dll,31

api-ms-win-devices-swdevice-l1-1-1.dll,2

mmdevapi.dll,3

api-ms-win-core-apiquery-l1-1-0.dll,21

api-ms-win-core-delayload-l1-1-1.dll,57

authz.dll,10

ntdsapi.dll,7

odbc32.dll,8

uxtheme.dll,15

hccutils.dll,9

sqlresourceloader.dll,2

sqlsvc.dll,2

batchparser.dll,2

ock.dll,1

api-ms-win-core-com-l1-1-0.dll,6

sspicli.dll,11

sensapi.dll,4

winscard.dll,4

mfc100u.dll,9

wdscsl.dll,1

wdssrv.dll,1

drvstore.dll,2

iisutil2.dll,2

xmllite.dll,12

ktmw32.dll,2

ncrypt.dll,5

msvcr120_clr0400.dll,7

api-ms-win-core-errorhandling-l1-1-0.dll,33

api-ms-win-core-libraryloader-l1-1-0.dll,33

api-ms-win-core-misc-l1-1-0.dll,28

api-ms-win-core-processthreads-l1-1-0.dll,38

api-ms-win-core-rtlsupport-l1-1-0.dll,7

api-ms-win-core-sysinfo-l1-1-0.dll,33

log4cxx.dll,1

duser.dll,3

pdhui.dll,1

pla.dll,1

winsta.dll,5

utildll.dll,2

api-ms-win-eventing-provider-l1-1-0.dll,46

api-ms-win-security-base-l1-2-0.dll,46

api-ms-win-security-sddl-l1-1-0.dll,21

api-ms-win-core-heap-l2-1-0.dll,42

atmemmgr.dll,1

atwbxui15.dll,1

msvcr90.dll,66

msvcp90.dll,28

swccu.dll,1

sldappu.dll,1

sldgcu.dll,1

sldmodu.dll,1

sldsessionu.dll,1

sldmfcu.dll,1

sldmgu.dll,1

slduiu.dll,1

sldutu.dll,1

mfc90u.dll,9

cvfocus.dll,5

libindexing.dll,2

evexternal.dll,1

fssubclients.dll,1

cvsession.dll,3

armgrcs.dll,1

cvlib.dll,5

cvbasiclib.dll,7

mediaprediction.dll,1

cvsimserver.dll,1

cvappmgr.dll,3

qiutils.dll,5

evjobmgr.dll,1

evtaskapi.dll,1

cvxmlmsgsbase.dll,3

cvxmlmsgs.dll,3

dbbase.dll,1

dbarchmgr.dll,1

evappmgr.dll,1

cvsessionserver.dll,1

qinetwork.dll,3

dbappmgr.dll,1

evalerts.dll,1

cvinstallmanagerdbinterface.dll,1

stlport.5.2.dll,7

iertutil.dll,70

api-ms-win-security-base-l1-1-0.dll,32

api-ms-win-core-processthreads-l1-1-1.dll,10

api-ms-win-core-memory-l1-1-1.dll,4

api-ms-win-core-sysinfo-l1-2-0.dll,8

api-ms-win-core-rtlsupport-l1-2-0.dll,46

armgrclientapi.dll,1

clusterutils.dll,1

clutilclasses.dll,2

cvarchive.dll,1

cvasr.dll,1

cvdatapipe.dll,1

cvjobclient.dll,2

cvmsnap.dll,2

cvinstallclient.dll,1

fsrestoredll.dll,1

sfc.dll,5

opclb025.dll,1

opdva025.dll,1

opsld025.dll,1

oransgr11.dll,1

oranro11.dll,1

oracore11.dll,2

orauts.dll,2

oraons.dll,1

orageneric11.dll,1

oranl11.dll,1

oran11.dll,1

api-ms-win-core-synch-l1-2-1.dll,14

api-ms-win-core-com-l1-1-1.dll,56

api-ms-win-eventing-classicprovider-l1-1-0.dll,25

api-ms-win-core-winrt-string-l1-1-0.dll,23

api-ms-win-core-winrt-l1-1-0.dll,22

api-ms-win-core-timezone-l1-1-0.dll,31

api-ms-win-core-shlwapi-legacy-l1-1-0.dll,20

api-ms-win-core-shlwapi-obsolete-l1-2-0.dll,7

api-ms-win-downlevel-advapi32-l1-1-0.dll,15

api-ms-win-downlevel-shlwapi-l1-1-0.dll,15

api-ms-win-downlevel-ole32-l1-1-0.dll,4

nsi.dll,8

qtcore4.dll,2

qtgui4.dll,2

sbsdk.dll,1

bugslayerutil.dll,1

qtnetwork4.dll,1

dwmapi.dll,8

progressnotificationcommon.dll,1

wfcwinn.dll,1

acrdlg.dll,1

statuin.dll,1

ctxmui.dll,1

confmgr.dll,1

ctxlogging.dll,1

icafile.dll,1

cst.dll,1

api-ms-win-core-processenvironment-l1-2-0.dll,35

api-ms-win-core-file-l1-2-1.dll,49

api-ms-win-core-console-l1-1-0.dll,9

api-ms-win-core-util-l1-1-0.dll,35

api-ms-win-core-datetime-l1-1-1.dll,8

api-ms-win-core-string-l2-1-0.dll,18

api-ms-win-core-memory-l1-1-2.dll,29

api-ms-win-core-libraryloader-l1-2-1.dll,9

api-ms-win-core-localization-obsolete-l1-3-0.dll,6

profapi.dll,9

api-ms-win-devices-config-l1-1-1.dll,5

api-ms-win-devices-query-l1-1-1.dll,3

api-ms-win-core-localregistry-l1-1-0.dll,30

slc.dll,10

appidapi.dll,3

java.dll,4

sysdm.cpl,1

kerberos.dll,1

ntdsa.dll,1

cryptdll.dll,8

lsasrv.dll,3

ntdsatq.dll,1

msasn1.dll,7

msv1_0.dll,2

samsrv.dll,2

cabinet.dll,11

aclog.dll,6

aclibeay.dll,4

accrypto.dll,2

api-ms-win-core-com-midlproxystub-l1-1-0.dll,7

api-ms-win-core-path-l1-1-0.dll,21

api-ms-win-core-registry-l1-1-1.dll,9

api-ms-win-core-kernel32-legacy-l1-1-1.dll,26

beclass_mini.dll,4

bedscomn.dll,4

bestdutl.dll,5

beerrors_en.dll,2

bevs.dll,2

mounter.dll,3

becluster.dll,4

ntoskrnl.exe,1

hal.dll,1

kdstub.dll,1

difxapi.dll,2

aspcom.dll,1

apduengine.dll,1

acvop.dll,1

vcruntime140.dll,11

msvcp140.dll,6

api-ms-win-crt-runtime-l1-1-0.dll,13

api-ms-win-crt-string-l1-1-0.dll,10

api-ms-win-crt-heap-l1-1-0.dll,9

api-ms-win-crt-stdio-l1-1-0.dll,10

api-ms-win-crt-filesystem-l1-1-0.dll,4

api-ms-win-crt-convert-l1-1-0.dll,7

api-ms-win-crt-time-l1-1-0.dll,2

api-ms-win-crt-math-l1-1-0.dll,6

mfc80u.dll,5

asphat32.dll,3

sspisrv.dll,4

api-ms-win-core-processenvironment-l1-1-0.dll,20

api-ms-win-core-synch-l1-1-0.dll,28

api-ms-win-core-interlocked-l1-1-0.dll,19

normaliz.dll,3

ccmcore.dll,4

evmsgloc_c.dll,1

ieadvpack.dll,5

iedkcs32.dll,2

mfaphook64.dll,1

pfussorgpopup.dll,2

pfussorggetpasswd.dll,1

pfussorgpdflib.dll,1

pfussorgproperty.dll,1

pfussorgcommon.dll,3

pfussorgconfig.dll,1

pfussorgdoc.dll,2

pfussimgio.dll,1

pfussorgupdate.dll,1

pfussorgcachedll.dll,1

sbsscllb.dll,1

pfusspapercapture.dll,1

pfussorgsrch.dll,2

pfussorgocrctrl.dll,3

pfussorgrename.dll,1

pfussorgmsg.dll,1

appvisvsubsystems64.dll,2

mfc140u.dll,1

api-ms-win-crt-locale-l1-1-0.dll,7

tcl86.dll,1

tk86.dll,1

api-ms-win-core-errorhandling-l1-1-3.dll,4

api-ms-win-core-version-l1-1-0.dll,7

cryptsp.dll,10

api-ms-win-eventing-obsolete-l1-1-0.dll,2

api-ms-win-core-toolhelp-l1-1-0.dll,2

msdrm.dll,1

gridhook64.dll,2

ltdis12n.dll,1

ltfil12n.dll,1

ltimg12n.dll,1

ltkrn12n.dll,1

atl90.dll,3

mmcbase.dll,1

vcruntime140d.dll,1

ucrtbased.dll,2

msvcp140d.dll,1

concrt140d.dll,1

d3d11.dll,5

d3dcompiler_47.dll,1

dxgi.dll,6

api-ms-win-core-url-l1-1-0.dll,5

api-ms-win-appmodel-runtime-l1-1-0.dll,1

netrap.dll,1

samlib.dll,3

browser.dll,1

api-ms-win-core-heap-l1-1-0.dll,19

api-ms-win-core-threadpool-l1-1-0.dll,5

api-ms-win-service-core-l1-1-0.dll,4

msdmo.dll,7

wsnmp32.dll,2

cryptbase.dll,2

api-ms-win-core-winrt-error-l1-1-1.dll,16

api-ms-win-core-winrt-registration-l1-1-0.dll,1

api-ms-win-appmodel-runtime-l1-1-1.dll,5

mfplat.dll,11

msvcr100_clr0400.dll,1

miutils.dll,3

spoolss.dll,19

api-ms-win-core-file-l1-1-0.dll,17

api-ms-win-core-io-l1-1-0.dll,10

api-ms-win-core-memory-l1-1-0.dll,11

api-ms-win-core-namedpipe-l1-1-0.dll,4

api-ms-win-core-delayload-l1-1-0.dll,6

kernelbase.dll,8

cardmsg.dll,1

cardcommon.dll,1

cardfinder.dll,1

carddialog.dll,1

libclogger.dll,1

cstool.dll,2

scecli.dll,1

windowscodecs.dll,5

vxutil.dll,1

xerces-c_2_6.dll,2

libtasn1-6.dll,1

wdi.dll,2

propsys.dll,7

api-ms-win-security-lsalookup-l1-1-1.dll,4

httpprxp.dll,2

fwpuclnt.dll,4

firewallapi.dll,3

dnsapi.dll,14

asdbapi.dll,1

libaslog.dll,1

tsi.dll,1

univtsi.dll,1

uniqueue.dll,1

ascore.dll,1

netconn.dll,1

rwxdr.dll,1

ca70mt.dll,1

as6rpc.dll,1

auth.dll,1

qclient.dll,1

asqjob.dll,1

jobscript.dll,1

cheyprod.dll,1

asdcen.dll,1

api-ms-win-core-psapi-l1-1-0.dll,10

api-ms-win-core-threadpool-private-l1-1-0.dll,7

api-ms-win-eventing-consumer-l1-1-0.dll,5

api-ms-win-eventing-controller-l1-1-0.dll,13

api-ms-win-core-file-l2-1-1.dll,13

api-ms-win-security-grouppolicy-l1-1-0.dll,1

shfolder.dll,3

vsodscpl.dll,1

applib.dll,1

mfecmnlib71.dll,1

nacmnlib3_71.dll,1

api-ms-win-crt-private-l1-1-0.dll,2

api-ms-win-core-fibers-l1-1-0.dll,1

api-ms-win-core-file-l2-1-0.dll,3

api-ms-win-core-localization-l1-2-0.dll,7

api-ms-win-core-debug-l1-1-0.dll,11

textinputframework.dll,1

api-ms-win-core-localization-l1-2-2.dll,2

api-ms-win-core-quirks-l1-1-0.dll,4

coremessaging.dll,1

glib-2.0.dll,3

execmodelclient.dll,1

api-ms-win-security-provider-l1-1-0.dll,2

phoneutil.dll,1

dmprocessxmlfiltered.dll,1

api-ms-win-core-string-l2-1-1.dll,3

api-ms-win-service-management-l1-1-0.dll,13

api-ms-win-core-console-l2-1-0.dll,2

api-ms-win-service-management-l2-1-0.dll,10

netsh.exe,4

api-ms-win-security-lsalookup-l2-1-1.dll,4

api-ms-win-eventing-legacy-l1-1-0.dll,5

api-ms-win-security-lsapolicy-l1-1-0.dll,5

dhcpcsvc.dll,1

msys-iconv-2.dll,1

msys-intl-8.dll,4

msys-2.0.dll,6

localization-vc100-mt-x86.dll,1

icuuc40.dll,1

icuin40.dll,1

preference-vc100-mt-x86.dll,1

activation-vc100-mt-x86.dll,1

liblogger-vc100-mt-x86.dll,1

senteo-vc100-mt_4.0.dll,1

boost_system-vc100-mt-1_44.dll,1

boost_thread-vc100-mt-1_44.dll,1

boost_date_time-vc100-mt-1_44.dll,1

boost_signals-vc100-mt-1_44.dll,1

zlib1-vc100-mt-1.2.dll,1

cfgmgr32.dll,4

httpapi.dll,1

wsmsvc.dll,2

rtutils.dll,4

wer.dll,4

certcli.dll,2

combase.dll,8

api-ms-win-downlevel-user32-l1-1-0.dll,8

api-ms-win-downlevel-version-l1-1-0.dll,11

api-ms-win-downlevel-normaliz-l1-1-0.dll,8

td_root.dll,1

td_gs.dll,1

td_dbroot.dll,1

td_db.dll,1

td_gi.dll,1

td_ge.dll,1

td_alloc.dll,1

dwftoolkit.dll,1

w3dtk.dll,1

whiptk.dll,1

dwfcore.dll,1

s2oprevmain.dll,1

s2ocmn.dll,1

s2opropinfo.dll,1

s2omsg.dll,1

s2omapi.dll,1

s2osecure.dll,1

s2owritedlg.dll,1

pfussorgocrhook.dll,2

adobescanlibrary.dll,2

ctxcpusyslib.dll,1

wdscore.dll,3

crtdll.dll,1

api-ms-win-core-shlwapi-obsolete-l1-1-0.dll,3

api-ms-win-shcore-obsolete-l1-1-0.dll,4

api-ms-win-shcore-registry-l1-1-1.dll,3

api-ms-win-shcore-sysinfo-l1-1-0.dll,3

api-ms-win-shcore-stream-l1-1-0.dll,4

api-ms-win-shcore-comhelpers-l1-1-0.dll,1

shcore.dll,7

api-ms-win-core-sidebyside-l1-1-0.dll,7

api-ms-win-shcore-thread-l1-1-0.dll,4

iisutil.dll,8

renderer.dll,3

xfa.dll,5

xdc.dll,4

jfutility.dll,6

font.dll,6

xfatemplate.dll,5

xfalayout.dll,3

regapi.dll,2

samcli.dll,3

msports.dll,1

uniplat.dll,1

api-ms-win-shcore-scaling-l1-1-1.dll,2

ftcfg.dll,1

shutil.dll,2

dadflib.dll,1

afcore.dll,4

js0group.dll,1

catmathematics.dll,1

catmathstream.dll,1

catsysmultithreading.dll,1

jvm.dll,3

msvcp110_win.dll,6

onlineservices.dll,1

jsonreader.dll,1

cudart32_60.dll,1

mi.dll,2

api-ms-win-service-winsvc-l1-1-0.dll,2

qtdeclaratived4.dll,1

qtguid4.dll,1

qtcored4.dll,2

msvcr100d.dll,2

nss3.dll,1

msvcr120.dll,8

mozglue.dll,2

libmtx.dll,1

libmtxcore.dll,1

msvcp120.dll,6

mso.dll,4

pegasysdb.dll,1

mfcresource.dll,1

mfc100.dll,4

vssapi.dll,7

api-ms-win-core-libraryloader-l1-1-1.dll,5

api-ms-win-core-file-l1-2-0.dll,5

api-ms-win-core-kernel32-legacy-l1-1-0.dll,5

api-ms-win-core-processtopology-obsolete-l1-1-0.dll,1

api-ms-win-downlevel-kernel32-l1-1-0.dll,1

api-ms-win-security-lsalookup-l2-1-0.dll,2

api-ms-win-service-winsvc-l1-2-0.dll,7

api-ms-win-core-wow64-l1-1-0.dll,5

api-ms-win-core-registry-l2-1-0.dll,7

api-ms-win-core-windowserrorreporting-l1-1-0.dll,2

api-ms-win-core-job-l2-1-0.dll,1

bcgcbpro103080.dll,1

atpdmod.dll,1

mytilus3.dll,1

mytilus3_worker.dll,1

lockdown.dll,1

api-ms-win-core-registry-l2-2-0.dll,5

coredpus.dll,1

dmcmnutils.dll,1

omadmapi.dll,1

dmiso8601utils.dll,1

dmenrollengine.dll,2

vsdebugeng.dll,1

api-ms-win-service-private-l1-1-1.dll,5

libvlccore.dll,4

api-ms-win-core-localization-l1-1-0.dll,3

localspl.dll,2

vmacore.dll,2

vmomi.dll,2

ufa-common.dll,1

ccmsdk.dll,1

api-ms-win-core-crt-l1-1-0.dll,3

prntvpt.dll,2

aepic.dll,2

dui70.dll,3

cmutil.dll,5

eappcfg.dll,5

libewsdk.dll,1

wbemcomn2.dll,3

ext-ms-win-session-wtsapi32-l1-1-0.dll,1

ext-ms-win-ntuser-powermanagement-l1-1-0.dll,1

winsync.dll,1

policymanager.dll,1

api-ms-win-core-interlocked-l1-2-0.dll,10

api-ms-win-core-fibers-l1-1-1.dll,3

msctfmonitor.dll,1

api-ms-win-appmodel-state-l1-2-0.dll,2

api-ms-win-eventing-tdh-l1-1-0.dll,1

appxdeploymentserver.dll,1

api-ms-win-appmodel-runtime-internal-l1-1-2.dll,1

staterepository.core.dll,1

api-ms-win-core-wow64-l1-1-1.dll,2

api-ms-win-core-file-l2-1-2.dll,4

api-ms-win-shell-shellfolders-l1-1-0.dll,2

api-ms-win-appmodel-identity-l1-2-0.dll,1

mrmcorer.dll,1

api-ms-win-net-isolation-l1-1-1.dll,1

bcp47langs.dll,2

appxalluserstore.dll,1

api-ms-win-security-trustee-l1-1-1.dll,2

ntmarta.dll,1

ismserv.exe,1

w32topl.dll,1

icudt55.dll,1

api-ms-win-core-crt-l2-1-0.dll,2

oci.dll,1

spwini.dll,1

wlanapi.dll,4

wiaservc.dll,3

ddraw.dll,4

bedssps2.dll,1

besocket.dll,2

arkengine.dll,2

win32k.sys,1

msdart.dll,2

msys-sasl2-3.dll,1

msys-db-5.3.dll,1

catshare.dll,1

sfc_os.dll,2

syssetup.dll,1

zlibwapi.dll,1

niwsrp.dll,1

ieframe.dll,2

msoutls.dll,1

icmp.dll,1

pprecdiag.dll,1

libvdk30.dll,1

api-ms-win-core-com-private-l1-1-0.dll,3

api-ms-win-core-winrt-error-l1-1-0.dll,1

api-ms-win-power-setting-l1-1-0.dll,2

api-ms-win-core-registryuserspecific-l1-1-0.dll,2

wbemcomn.dll,3

nimdnsresponder.dll,2

nivisv32.dll,2

xfaform.dll,1

xfafontservice.dll,3

jfgraphic.dll,5

xfadata.dll,1

jftext.dll,1

xfaimageservice.dll,3

svg.dll,1

atl100.dll,2

winmmbase.dll,1

api-ms-win-mm-mme-l1-1-0.dll,1

api-ms-win-mm-misc-l1-1-1.dll,1

api-ms-win-mm-joystick-l1-1-0.dll,1

api-ms-win-core-kernel32-private-l1-1-2.dll,2

api-ms-win-core-kernel32-private-l1-1-1.dll,3

api-ms-win-core-stringansi-l1-1-0.dll,3

api-ms-win-core-privateprofile-l1-1-1.dll,2

api-ms-win-mm-time-l1-1-0.dll,3

mlang.dll,4

bthprops.cpl,2

icuuc44.dll,1

icule44.dll,1

bglapilib.dll,1

bglgeomchestlib.dll,1

efsutil.dll,1

imageaccesslib.dll,2

afuilib.dll,1

mxlib.dll,1

cartocontrolslib.dll,1

owncontrolslib.dll,1

wincorlib.dll,2

api-ms-win-core-stringloader-l1-1-1.dll,2

wow64.dll,2

msacm32.dll,3

dd10shrd.dll,3

tdh.dll,7

tquery.dll,2

msshooks.dll,1

msoert2.dll,1

security.dll,1

api-ms-win-core-localization-private-l1-1-0.dll,2

libnbclient.dll,3

libnbbase.dll,4

maxutil.dll,1

blicectr.dll,1

rastercorelib.dll,1

gdbcorelib.dll,1

gdal18.dll,1

rasterio.dll,1

aibase.dll,1

csm.dll,1

olmapi32.dll,1

p2p.dll,1

vsstrace.dll,1

boost_date_time.dll,1

gfx.dll,1

oartconv.dll,1

lpk.dll,1

api-ms-win-security-accesshlpr-l1-1-0.dll,1

fusion.dll,1

debugrpt.dll,1

syncit.dll,1

intl.dll,2

gmodule-2.0.dll,1

gobject-2.0.dll,1

gthread-2.0.dll,1

vmtools.dll,1

dcsupt32.dll,1

x2comses.dll,1

mqsec.dll,1

mqutil.dll,2

mqcertui.dll,1

aclui.dll,1

srcore.dll,1

spp.dll,2

msvcm90.dll,2

api-ms-win-core-version-l1-1-1.dll,1

wrservices.dll,1

axe8sharedexpat.dll,1

coretechlib.dll,1

dxp01dpcllib.dll,1

vislib.dll,1

libcef.dll,1

vxtao_portableserver_6.dll,2

vxtao_6.dll,2

vxace_6.dll,2

perl512.dll,1

sigc-2.0.dll,1

unattend.dll,1

actionqueue.dll,1

libvbp.dll,1

libvdb.dll,1

sens.dll,1

winipsec.dll,1

netcfgx.dll,1

xiputil.dll,1

xipinterp.dll,1

xesup.dll,1

ieakeng.dll,1

advpack.dll,1

guiutils.dll,1

api-ms-win-security-appcontainer-l1-1-0.dll,1

msohev.dll,1

dxtrans.dll,1

api-ms-win-security-lsalookup-l1-1-0.dll,3

winbio.dll,2

vaultcli.dll,2

atl110.dll,1

softfont.dll,1

jfdom.dll,1

bcd.dll,1

fvecerts.dll,1

opengl32.dll,3

d3d10_1.dll,2

ltcry13n.dll,1

shdocvw.dll,3

usp10.dll,1

khalwrapper.dll,1

kemxml.dll,1

kemwnd.dll,1

kemutb.dll,1

setpointcom.dll,1

kemutil.dll,1

printdriver.dll,2

onex.dll,2

wlanutil.dll,1

wlanhlp.dll,1

ceutil.dll,1

api-ms-win-devices-query-l1-1-0.dll,1

vcomp100.dll,1

msdatl3.dll,1

lserv.dll,1

networkheuristic.dll,1

isctnetdetect.dll,1

isctremotewake.dll,1

isctensdata.dll,1

isctplatformcheck.dll,1

isctsoftwareupdate.dll,1

cmpbk32.dll,2

setnetworklocation.dll,1

mf.dll,2

aclocsettings.dll,1

acprfmgr.dll,1

acon.dll,1

acadaptersinfo.dll,1

acsvcstub.dll,1

achelper.dll,1

api-ms-win-security-systemfunctions-l1-1-0.dll,1

api-ms-win-core-localization-obsolete-l1-2-0.dll,7

api-ms-win-core-normalization-l1-1-0.dll,2

chrome_elf.dll,1

sti.dll,1

pfussimgctl.dll,1

pfusssvc.dll,1

lkstime.dll,1

lkdynam.dll,1

lksock.dll,1

mso98win32client.dll,1

mso30win32client.dll,1

mso20win32client.dll,1

api-ms-win-crt-utility-l1-1-0.dll,1

libeay32.dll,1

framedynos.dll,2

srvcli.dll,1

netutils.dll,4

ace.dll,1

wsmanclient.dll,1

common.dll,1

gmscommon.dll,1

webengine4.dll,1

api-ms-win-core-atoms-l1-1-0.dll,1

api-ms-win-shlwapi-winrt-storage-l1-1-1.dll,1

api-ms-win-shlwapi-winrt-storage-l1-1-0.dll,1

api-ms-win-shlwapi-ie-l1-1-0.dll,1

api-ms-win-shell-shellcom-l1-1-0.dll,1

api-ms-win-power-base-l1-1-0.dll,2

api-ms-win-core-sysinfo-l1-2-3.dll,1

api-ms-win-security-capability-l1-1-0.dll,1

iv_sl_utilityclasses_v0601.dll,1

devobj.dll,2

mssrch.dll,1

acdiagno.dll,1

aiwinext.dll,1

libglib-2.0-0.dll,2

libpurple.dll,1

libymsg.dll,1

l2gpstore.dll,1

msvfw32.dll,1

api-ms-win-ro-typeresolution-l1-1-0.dll,1

api-ms-win-core-winrt-roparameterizediid-l1-1-0.dll,1

api-ms-win-eventlog-legacy-l1-1-0.dll,1

api-ms-win-core-localization-l2-1-0.dll,2

api-ms-win-core-datetime-l1-1-0.dll,2

libvxsnmplib1.dll,1

libvxsigcomp2.dll,1

logoncli.dll,2

audioeng.dll,1

api-ms-win-crt-process-l1-1-0.dll,1

qt5gui.dll,1

qt5core.dll,1

compstui.dll,1

radepkg.dll,1

wow64win.dll,2

wow64cpu.dll,2

dd10hook.dll,1

dcsupt64.dll,1

dchbas64.dll,1

msys-crypto-1.0.0.dll,1

msys-gcc_s-seh-1.dll,1

msys-ssp-0.dll,1

bmapia.dll,1

tclwra32.dll,1

mcf32.dll,1

dtk32.dll,1

mfc90.dll,1

pcicl32.dll,1

glu32.dll,1

cvmmclientapi.dll,1

cvutils.dll,1

cvvds.dll,1

errorlookup.dll,2

mmmsgbundle.dll,1

qscsi.dll,1

cv_xerces-c_2_6.dll,1

sqlite3.dll,1

s2meventlog.dll,1

see32.dll,1

cmdtarget.dll,1

adappmgrutil.dll,1

logging.dll,1

qtnetworkadsk4.dll,1

qtcoreadsk4.dll,1

xerces-c_2_7.dll,1

xalan-c_1_10.dll,1

snmpapi.dll,3

mgmtapi.dll,1

libxml2.dll,1

stlang.dll,1

wmicodegen.dll,1

avrt.dll,2

beclass.dll,3

benetutl.dll,1

iassvcs.dll,2

detoured.dll,2

mfperfhelper.dll,1

firecore.dll,2

event.dll,1

libgdk-win32-2.0-0.dll,1

libgtk-win32-2.0-0.dll,1

libcairo-2.dll,1

libgdk_pixbuf-2.0-0.dll,1

libgobject-2.0-0.dll,1

libjcc.dll,1

pbshr125.dll,1

atl71.dll,2

cwmeshcontainer.dll,1

sldcosmosgcu.dll,1

mfc110u.dll,1

wwapi.dll,3

wcmapi.dll,1

grooveutil.dll,1

groovenew.dll,1

api-ms-win-security-cryptoapi-l1-1-0.dll,1

wsertp.dll,1

condl.dll,1

wmain.dll,1

nvui.dll,1

bthpanapi.dll,1

mfcore.dll,1

rtapi_w32.dll,1

iasrad.dll,1

qshvhost.dll,1

qutil.dll,1

csrsrv.dll,1

wkscli.dll,1

wpx.dll,1

mmserviceutilities.dll,1

mmutilities.dll,1

wcp.dll,1

apilogen.dll,1

amxread.dll,1

hptcpmui.dll,1

api-ms-win-security-credentials-l1-1-0.dll,2

esscli.dll,1

winnsi.dll,1

nlutmgrhook.dll,1

dcta.dll,1

dcra.dll,1

pda.dll,1

mtstrmcoa.dll,1

pthreadvc2.dll,1

dxva2.dll,1

cnwilprn.dll,1

wkwin32.dll,1

nctrace.dll,1

nnotes.dll,2

ncscan.dll,1

api-ms-win-core-namespace-l1-1-0.dll,1

api-ms-win-core-psapi-obsolete-l1-1-0.dll,1

coadmin.dll,1

iisrtl.dll,1

sechost.dll,1

api-ms-win-core-namedpipe-l1-2-0.dll,1

api-ms-win-security-base-private-l1-1-1.dll,1

api-ms-win-security-audit-l1-1-1.dll,2

libnbservice.dll,1

libnborb.dll,1

vxtao_cosnotification_6.dll,1

vxul_3.dll,1

vxlis_3.dll,1

ackpbsc.dll,1

aipingui.dll,1

amcommonlib.dll,1

ntmsapi.dll,1

iml32.dll,1

dirapi.dll,1

isdi.dll,1

elscore.dll,2

nativerd.dll,1

syncutil.dll,1

userdatatypehelperutil.dll,1

msvcr120d.dll,1

sqmapi.dll,1

slwga.dll,2

wmiclnt.dll,1

synceng.dll,2

sysntfy.dll,1

wmsgapi.dll,1

smscore.dll,1

netsetupapi.dll,1

drvutil.dll,1

upscontrol.dll,1

msys-svn_ra-1-0.dll,1

msys-svn_wc-1-0.dll,1

msys-svn_delta-1-0.dll,1

msys-svn_diff-1-0.dll,1

msys-svn_subr-1-0.dll,1

msys-apr-1-0.dll,1

ninput.dll,1

rdpcore.dll,1

netcom.dll,1

keyfuncs.dll,1

sysf.dll,1

errorcodes.dll,1

hpmregistry.dll,1

debuglog.dll,1

firecomm.dll,1

firecnl.dll,1

firecl.dll,1

mngfirecore.dll,1

atmepc.dll,1

atmepcnf.dll,1

libnsr.dll,1

librap.dll,1

librpc.dll,1

liblocal.dll,1

libcommonssl.dll,1

twinapi.appcore.dll,1

api-ms-win-crt-environment-l1-1-0.dll,1

api-ms-win-crt-conio-l1-1-0.dll,1

api-ms-win-crt-multibyte-l1-1-0.dll,1

mspdb140.dll,1

agcore.dll,1

msvcp_win.dll,1

certenroll.dll,1

artpclnt.dll,1

patchw32.dll,1

kwlib.dll,1

kwmodconfig.dll,1

kwlog.dll,1

wmmutil.dll,1

skincontrolsd.dll,1

mfc71d.dll,1

msvcr71d.dll,1

msvcp71d.dll,1

comres.dll,1

cwbcore.dll,1

cwbdbfmt.dll,1

roxbaseclass.dll,1

fs2you.dll,1

icudt34.dll,1

qqplayer.dll,2

objectfactory.dll,1

xprt5.dll,1

ntlsapi.dll,1

loadperf.dll,1

pncrt.dll,1

skinlib.dll,1

kankanliteliveud.dll,1

yyglcommon.dll,1

libtdmaster.dll,1

exchange20.dll,1

libminimedia10.dll,1

libnet30.dll,1

librtp20.dll,1

libjpeg20.dll,1

libimg20.dll,1

libtdajust.dll,1

libtdfigo.dll,1

libtddesk.dll,1

libtdfile.dll,1

libelcmanager.dll,1

libmultichat.dll,1

libmulticall.dll,1

libskinui.dll,1

libapppolicy.dll,1

libwebpolicy.dll,1

libfilecast.dll,1

slcommdlg.dll,1

winbrand.dll,1

slcext.dll,1

feedback.dll,1

dtlui.dll,1

i18nu.dll,1

zlib1.dll,1

lua51.dll,1

mqqm.dll,1

d3d8.dll,1

mingwm10.dll,1

minizip.dll,1
