1005,Cant load dlls
1046,Cant load dlls
1065,Cant load dlls
1067,Cant load dlls
110,Cant load dlls
1142,Cant load dlls
1160,Cant load dlls
118,Cant load dlls
1188,Cant load dlls
1192,Cant load dlls
1243,Cant load dlls
126,Cant load dlls
1261,Cant load dlls
1267,Cant load dlls
127,Cant load dlls
1277,Cant load dlls
1282,Cant load dlls
1291,Cant load dlls
1301,Cant load dlls
1387,Cant load dlls
141,Cant load dlls
1412,Cant load dlls
1415,Cant load dlls
1422,Cant load dlls
1454,Cant load dlls
1467,Cant load dlls
1497,Cant load dlls
1513,Cant load dlls
1535,Cant load dlls
1543,Cant load dlls
1557,Cant load dlls
1577,Cant load dlls
1578,Cant load dlls
1630,Cant load dlls
1643,Cant load dlls
1674,Cant load dlls
1727,Cant load dlls
1730,Cant load dlls
1735,Cant load dlls
1748,Cant load dlls
1751,Cant load dlls
1752,Cant load dlls
1758,Cant load dlls
1828,Cant load dlls
1849,Cant load dlls
1851,Cant load dlls
1861,Cant load dlls
1892,Cant load dlls
19,Cant load dlls
1902,Cant load dlls
1904,Cant load dlls
1910,Cant load dlls
1912,Cant load dlls
1931,Cant load dlls
1956,Cant load dlls
20,Cant load dlls
200002,Cant load dlls
200006,Cant load dlls
200008,Cant load dlls
200013,Cant load dlls
200020,Cant load dlls
200038,Cant load dlls
200054,Cant load dlls
200056,Cant load dlls
200061,Cant load dlls
200062,Cant load dlls
200074,Cant load dlls
200075,Cant load dlls
200077,Cant load dlls
200078,Cant load dlls
200079,Cant load dlls
200084,Cant load dlls
200087,Cant load dlls
200093,Cant load dlls
200094,Cant load dlls
200100,Cant load dlls
200108,Cant load dlls
200111,Cant load dlls
200125,Cant load dlls
200128,Cant load dlls
200157,Cant load dlls
200162,Cant load dlls
200170,Cant load dlls
200179,Cant load dlls
200185,Cant load dlls
200186,Cant load dlls
200187,Cant load dlls
200191,Cant load dlls
200211,Cant load dlls
200231,Cant load dlls
200267,Cant load dlls
200269,Cant load dlls
200277,Cant load dlls
200289,Cant load dlls
200291,Cant load dlls
200305,Cant load dlls
200314,Cant load dlls
200315,Cant load dlls
200334,Cant load dlls
200342,Cant load dlls
200361,Cant load dlls
200363,Cant load dlls
200384,Cant load dlls
200388,Cant load dlls
200393,Cant load dlls
200396,Cant load dlls
200410,Cant load dlls
200440,Cant load dlls
200466,Cant load dlls
200478,Cant load dlls
200490,Cant load dlls
200493,Cant load dlls
200519,Cant load dlls
200525,Cant load dlls
200527,Cant load dlls
200551,Cant load dlls
200563,Cant load dlls
200582,Cant load dlls
200587,Cant load dlls
200599,Cant load dlls
200602,Cant load dlls
200605,Cant load dlls
200616,Cant load dlls
200624,Cant load dlls
200630,Cant load dlls
200631,Cant load dlls
200641,Cant load dlls
200649,Cant load dlls
200651,Cant load dlls
200655,Cant load dlls
200659,Cant load dlls
200660,Cant load dlls
200674,Cant load dlls
200681,Cant load dlls
200682,Cant load dlls
200694,Cant load dlls
200698,Cant load dlls
200701,Cant load dlls
200719,Cant load dlls
200720,Cant load dlls
200729,Cant load dlls
200732,Cant load dlls
200735,Cant load dlls
200739,Cant load dlls
200753,Cant load dlls
200767,Cant load dlls
200770,Cant load dlls
200773,Cant load dlls
200775,Cant load dlls
200782,Cant load dlls
200793,Cant load dlls
200803,Cant load dlls
200815,Cant load dlls
200827,Cant load dlls
200829,Cant load dlls
200841,Cant load dlls
200908,Cant load dlls
200918,Cant load dlls
200922,Cant load dlls
200925,Cant load dlls
200942,Cant load dlls
200953,Cant load dlls
200960,Cant load dlls
200967,Cant load dlls
200974,Cant load dlls
201016,Cant load dlls
201022,Cant load dlls
201027,Cant load dlls
201041,Cant load dlls
201054,Cant load dlls
201056,Cant load dlls
201058,Cant load dlls
201067,Cant load dlls
201072,Cant load dlls
201078,Cant load dlls
201084,Cant load dlls
201090,Cant load dlls
201091,Cant load dlls
201093,Cant load dlls
201095,Cant load dlls
201096,Cant load dlls
201101,Cant load dlls
201107,Cant load dlls
201110,Cant load dlls
201112,Cant load dlls
201125,Cant load dlls
201147,Cant load dlls
201157,Cant load dlls
201180,Cant load dlls
201191,Cant load dlls
201194,Cant load dlls
201197,Cant load dlls
201200,Cant load dlls
201201,Cant load dlls
201202,Cant load dlls
201207,Cant load dlls
201225,Cant load dlls
201240,Cant load dlls
201245,Cant load dlls
201254,Cant load dlls
201260,Cant load dlls
201268,Cant load dlls
201279,Cant load dlls
201281,Cant load dlls
201283,Cant load dlls
201289,Cant load dlls
201303,Cant load dlls
201328,Cant load dlls
201340,Cant load dlls
201342,Cant load dlls
201364,Cant load dlls
201373,Cant load dlls
201389,Cant load dlls
201416,Cant load dlls
201418,Cant load dlls
201420,Cant load dlls
201421,Cant load dlls
201422,Cant load dlls
201436,Cant load dlls
201446,Cant load dlls
201454,Cant load dlls
201455,Cant load dlls
201459,Cant load dlls
201460,Cant load dlls
201472,Cant load dlls
201478,Cant load dlls
201479,Cant load dlls
201481,Cant load dlls
201489,Cant load dlls
201491,Cant load dlls
201500,Cant load dlls
201522,Cant load dlls
201533,Cant load dlls
201534,Cant load dlls
201558,Cant load dlls
201561,Cant load dlls
201601,Cant load dlls
201603,Cant load dlls
201605,Cant load dlls
201631,Cant load dlls
201635,Cant load dlls
201645,Cant load dlls
201660,Cant load dlls
201668,Cant load dlls
201672,Cant load dlls
201674,Cant load dlls
201687,Cant load dlls
201703,Cant load dlls
201706,Cant load dlls
201712,Cant load dlls
201719,Cant load dlls
201722,Cant load dlls
201723,Cant load dlls
201727,Cant load dlls
201738,Cant load dlls
201754,Cant load dlls
201759,Cant load dlls
201766,Cant load dlls
201802,Cant load dlls
201806,Cant load dlls
201810,Cant load dlls
201814,Cant load dlls
201820,Cant load dlls
201822,Cant load dlls
201829,Cant load dlls
201832,Cant load dlls
201834,Cant load dlls
201840,Cant load dlls
201850,Cant load dlls
201872,Cant load dlls
201874,Cant load dlls
201878,Cant load dlls
201884,Cant load dlls
201889,Cant load dlls
201893,Cant load dlls
201899,Cant load dlls
201903,Cant load dlls
201909,Cant load dlls
201919,Cant load dlls
201929,Cant load dlls
201949,Cant load dlls
201950,Cant load dlls
201952,Cant load dlls
201953,Cant load dlls
201955,Cant load dlls
201959,Cant load dlls
201964,Cant load dlls
225,Cant load dlls
247,Cant load dlls
297,Cant load dlls
318,Cant load dlls
330,Cant load dlls
365,Cant load dlls
375,Cant load dlls
400,Cant load dlls
476,Cant load dlls
486,Cant load dlls
499,Cant load dlls
564,Cant load dlls
593,Cant load dlls
612,Cant load dlls
628,Cant load dlls
727,Cant load dlls
739,Cant load dlls
769,Cant load dlls
804,Cant load dlls
834,Cant load dlls
845,Cant load dlls
855,Cant load dlls
869,Cant load dlls
978,Cant load dlls
987,Cant load dlls
